{"extremes":[53.200623905890495,82.02631853368804],"extremesH":[34.66470988575798,34.70672092625942],"extremesO":[34.66470988575798,34.70672092625942]}